Workbook

Sheet Сводка
A1: Показатель | B1: Значение | C1: Ориентир / комментарий
A2: Итого потрачено, ₽ | B2: =SUM(Замеры!D2:D41)
A3: Итого сессий | B3: =SUM(Замеры!E2:E41) | C3: нужно ≥ 3 000 для надёжных цифр
A4: Итого показов рекламы | B4: =SUM(Замеры!F2:F41)
A5: Итого выручка сети, ₽ | B5: =SUM(Замеры!G2:G41)
A6: Средний eCPM, ₽ | B6: =IF(B4>0,B5/B4*1000,"") | C6: порог «идём»: ≥ 40 ₽, стоп: < 30 ₽
A7: Показов на сессию | B7: =IF(B3>0,B4/B3,"")
A8: Выручка с 1000 сессий, ₽ | B8: =IF(B3>0,B5/B3*1000,"") | C8: порог «идём»: ≥ 300 ₽
A9: Доля возвращений на 1-й день, % | B9: =IF(SUM(Замеры!I2:I41)>0,SUM(Замеры!H2:H41)/SUM(Замеры!I2:I41)*100,"") | C9: хорошо: > 15–20%
A10: Платный трафик: потрачено, ₽ | B10: =SUMIF(Замеры!C2:C41,"платный",Замеры!D2:D41) | C10: лимит: 3 000 ₽
A11: Платный трафик: выручка, ₽ | B11: =SUMIF(Замеры!C2:C41,"платный",Замеры!G2:G41)
A12: Платный трафик: окупаемость, % | B12: =IF(B10>0,B11/B10*100,"") | C12: < 50% на канале — выключаем
A13: Заявок подано | B13: =COUNTA(Заявки!D2:D40)-COUNTIF(Заявки!D2:D40,"не подана")
A14: Сетей в тестовом режиме / подключено | B14: =COUNTIF(Заявки!D2:D40,"тестовый режим")+COUNTIF(Заявки!D2:D40,"подключена")
A15: Выплата авторам (70% выручки), ₽ | B15: =B5*0.7 | C15: без налогов и хостинга
A16: Остаётся платформе (30%), ₽ | B16: =B5*0.3
A18: РЕШЕНИЕ (неделя 4)
A19: =IF(OR(B3<3000,B14=0),"Данных мало: нужны ≥3000 сессий и хотя бы одна подключённая сеть",IF(AND(B8>=300,B6>=40),"ИДЁМ ДАЛЬШЕ",IF(OR(B6<30,B8<100),"СТОП или смена формата/ниши","МЕНЯЕМ формат: пробуем rewarded-видео / другую аудиторию")))
A21: Жёлтые ячейки — вводите вручную. Зелёные — считаются сами. Пороги те же, что в PLAN-FULL.md; это допущения, подстройте после первых замеров.

Sheet Заявки
A1: Сеть | B1: Сайт / контакт | C1: Дата заявки | D1: Статус | E1: Дата ответа | F1: Мин. трафик | G1: Принимает UGC-игры? | H1: Форматы | I1: Выплата: порог, ₽/$ | J1: Выплата: срок | K1: Платит в РФ / кому (самозанятый, ИП, ООО) | L1: Маркировка (ERID): кто делает | M1: Ответ / комментарий | N1: Следующий шаг
A2: GameDistribution | D2: не подана
A3: AdinPlay | D3: не подана
A4: AppLixir | D4: не подана
A5: Google Ad Manager (H5) | D5: не подана
A6: VK Реклама / myTarget | D6: не подана
A7: Сеть №6 (впишите) | D7: не подана
A8: Сеть №7 (впишите) | D8: не подана
A9: Сеть №8 (впишите) | D9: не подана

Sheet Замеры
A1: Дата | B1: Канал трафика | C1: Тип (бесплатный / платный) | D1: Потрачено, ₽ | E1: Сессий | F1: Показов рекламы | G1: Выручка сети, ₽ | H1: Вернулись на 1-й день, чел. | I1: Уникальных игроков | J1: Сетей в этом замере | K1: Стоимость сессии, ₽ | L1: Показов на сессию | M1: eCPM, ₽ | N1: Выручка на сессию, ₽ | O1: Окупаемость, % | P1: Вердикт
B2: пример: ролик в Shorts | C2: бесплатный | K2: =IF(E2>0,D2/E2,"") | L2: =IF(E2>0,F2/E2,"") | M2: =IF(F2>0,G2/F2*1000,"") | N2: =IF(E2>0,G2/E2,"") | O2: =IF(AND(D2>0,G2<>""),G2/D2*100,"") | P2: =IF(E2="","",IF(D2=0,IF(G2>0,"бесплатно — ок","нет дохода"),IF(O2>=100,"окупился — можно повторить",IF(O2>=50,"наблюдать","СТОП: выключить канал"))))
K3: =IF(E3>0,D3/E3,"") | L3: =IF(E3>0,F3/E3,"") | M3: =IF(F3>0,G3/F3*1000,"") | N3: =IF(E3>0,G3/E3,"") | O3: =IF(AND(D3>0,G3<>""),G3/D3*100,"") | P3: =IF(E3="","",IF(D3=0,IF(G3>0,"бесплатно — ок","нет дохода"),IF(O3>=100,"окупился — можно повторить",IF(O3>=50,"наблюдать","СТОП: выключить канал"))))
K4: =IF(E4>0,D4/E4,"") | L4: =IF(E4>0,F4/E4,"") | M4: =IF(F4>0,G4/F4*1000,"") | N4: =IF(E4>0,G4/E4,"") | O4: =IF(AND(D4>0,G4<>""),G4/D4*100,"") | P4: =IF(E4="","",IF(D4=0,IF(G4>0,"бесплатно — ок","нет дохода"),IF(O4>=100,"окупился — можно повторить",IF(O4>=50,"наблюдать","СТОП: выключить канал"))))
K5: =IF(E5>0,D5/E5,"") | L5: =IF(E5>0,F5/E5,"") | M5: =IF(F5>0,G5/F5*1000,"") | N5: =IF(E5>0,G5/E5,"") | O5: =IF(AND(D5>0,G5<>""),G5/D5*100,"") | P5: =IF(E5="","",IF(D5=0,IF(G5>0,"бесплатно — ок","нет дохода"),IF(O5>=100,"окупился — можно повторить",IF(O5>=50,"наблюдать","СТОП: выключить канал"))))
K6: =IF(E6>0,D6/E6,"") | L6: =IF(E6>0,F6/E6,"") | M6: =IF(F6>0,G6/F6*1000,"") | N6: =IF(E6>0,G6/E6,"") | O6: =IF(AND(D6>0,G6<>""),G6/D6*100,"") | P6: =IF(E6="","",IF(D6=0,IF(G6>0,"бесплатно — ок","нет дохода"),IF(O6>=100,"окупился — можно повторить",IF(O6>=50,"наблюдать","СТОП: выключить канал"))))
K7: =IF(E7>0,D7/E7,"") | L7: =IF(E7>0,F7/E7,"") | M7: =IF(F7>0,G7/F7*1000,"") | N7: =IF(E7>0,G7/E7,"") | O7: =IF(AND(D7>0,G7<>""),G7/D7*100,"") | P7: =IF(E7="","",IF(D7=0,IF(G7>0,"бесплатно — ок","нет дохода"),IF(O7>=100,"окупился — можно повторить",IF(O7>=50,"наблюдать","СТОП: выключить канал"))))
K8: =IF(E8>0,D8/E8,"") | L8: =IF(E8>0,F8/E8,"") | M8: =IF(F8>0,G8/F8*1000,"") | N8: =IF(E8>0,G8/E8,"") | O8: =IF(AND(D8>0,G8<>""),G8/D8*100,"") | P8: =IF(E8="","",IF(D8=0,IF(G8>0,"бесплатно — ок","нет дохода"),IF(O8>=100,"окупился — можно повторить",IF(O8>=50,"наблюдать","СТОП: выключить канал"))))
K9: =IF(E9>0,D9/E9,"") | L9: =IF(E9>0,F9/E9,"") | M9: =IF(F9>0,G9/F9*1000,"") | N9: =IF(E9>0,G9/E9,"") | O9: =IF(AND(D9>0,G9<>""),G9/D9*100,"") | P9: =IF(E9="","",IF(D9=0,IF(G9>0,"бесплатно — ок","нет дохода"),IF(O9>=100,"окупился — можно повторить",IF(O9>=50,"наблюдать","СТОП: выключить канал"))))
K10: =IF(E10>0,D10/E10,"") | L10: =IF(E10>0,F10/E10,"") | M10: =IF(F10>0,G10/F10*1000,"") | N10: =IF(E10>0,G10/E10,"") | O10: =IF(AND(D10>0,G10<>""),G10/D10*100,"") | P10: =IF(E10="","",IF(D10=0,IF(G10>0,"бесплатно — ок","нет дохода"),IF(O10>=100,"окупился — можно повторить",IF(O10>=50,"наблюдать","СТОП: выключить канал"))))
K11: =IF(E11>0,D11/E11,"") | L11: =IF(E11>0,F11/E11,"") | M11: =IF(F11>0,G11/F11*1000,"") | N11: =IF(E11>0,G11/E11,"") | O11: =IF(AND(D11>0,G11<>""),G11/D11*100,"") | P11: =IF(E11="","",IF(D11=0,IF(G11>0,"бесплатно — ок","нет дохода"),IF(O11>=100,"окупился — можно повторить",IF(O11>=50,"наблюдать","СТОП: выключить канал"))))
K12: =IF(E12>0,D12/E12,"") | L12: =IF(E12>0,F12/E12,"") | M12: =IF(F12>0,G12/F12*1000,"") | N12: =IF(E12>0,G12/E12,"") | O12: =IF(AND(D12>0,G12<>""),G12/D12*100,"") | P12: =IF(E12="","",IF(D12=0,IF(G12>0,"бесплатно — ок","нет дохода"),IF(O12>=100,"окупился — можно повторить",IF(O12>=50,"наблюдать","СТОП: выключить канал"))))
K13: =IF(E13>0,D13/E13,"") | L13: =IF(E13>0,F13/E13,"") | M13: =IF(F13>0,G13/F13*1000,"") | N13: =IF(E13>0,G13/E13,"") | O13: =IF(AND(D13>0,G13<>""),G13/D13*100,"") | P13: =IF(E13="","",IF(D13=0,IF(G13>0,"бесплатно — ок","нет дохода"),IF(O13>=100,"окупился — можно повторить",IF(O13>=50,"наблюдать","СТОП: выключить канал"))))
K14: =IF(E14>0,D14/E14,"") | L14: =IF(E14>0,F14/E14,"") | M14: =IF(F14>0,G14/F14*1000,"") | N14: =IF(E14>0,G14/E14,"") | O14: =IF(AND(D14>0,G14<>""),G14/D14*100,"") | P14: =IF(E14="","",IF(D14=0,IF(G14>0,"бесплатно — ок","нет дохода"),IF(O14>=100,"окупился — можно повторить",IF(O14>=50,"наблюдать","СТОП: выключить канал"))))
... K41: =IF(E41>0,D41/E41,"") | L41: =IF(E41>0,F41/E41,"") | M41: =IF(F41>0,G41/F41*1000,"") | N41: =IF(E41>0,G41/E41,"") | O41: =IF(AND(D41>0,G41<>""),G41/D41*100,"") | P41: =IF(E41="","",IF(D41=0,IF(G41>0,"бесплатно — ок","нет дохода"),IF(O41>=100,"окупился — можно повторить",IF(O41>=50,"наблюдать","СТОП: выключить канал"))))
